Product Title,Price (GBP),Price (KES),Timestamp
A Light in the Attic,51.77,8893.09,2026-09-28 09:57:46
Tipping the Velvet,53.74,9231.5,2026-09-28 09:57:46
Soumission,50.1,8606.22,2026-09-28 09:57:46
Sharp Objects,47.82,8214.56,2026-09-28 09:57:46
Sapiens: A Brief History of Humankind,54.23,9315.67,2026-09-28 09:57:46
The Requiem Red,22.65,3890.84,2026-09-28 09:57:46
The Dirty Little Secrets of Getting Your Dream Job,33.34,5727.17,2026-09-28 09:57:46
"The Coming Woman: A Novel Based on the Life of the Infamous Feminist, Victoria Woodhull",17.93,3080.03,2026-09-28 09:57:46
The Boys in the Boat: Nine Americans and Their Epic Quest for Gold at the 1936 Berlin Olympics,22.6,3882.25,2026-09-28 09:57:46
The Black Maria,52.15,8958.37,2026-09-28 09:57:46
